Fund Name,P1,P2,P3,P4,P5,Topsis Score,Rank
M1,0.9,0.81,5.6,57.1,16.1,0.6146965679897012,3
M2,0.64,0.41,6.8,63.9,17.94,0.3590758286631038,5
M3,0.91,0.83,3.3,62.2,16.81,0.8927301410770923,1
M4,0.71,0.5,4.2,48.5,13.48,0.43540129994920024,7
M5,0.78,0.61,3.8,63.9,17.27,0.6522590221470965,8
M6,0.63,0.4,4.3,60.9,16.56,0.45646596704866943,6
M7,0.95,0.9,5.2,37.7,11.19,0.5477629975060694,4
M8,0.74,0.55,3.2,48.0,13.12,0.5350614271676599,2
